env,city,pedigree,gen,replicate,block,planted,harvested,anthesis,grain_yield,plant_height,ear_height
COH1,Fort Collins,B73/PHN82,G1,1,1,5/24/2023,11/7/2023,97,218.2017891,,
COH1,Fort Collins,LH244/MO17,G2,1,1,5/24/2023,11/7/2023,97,200.0931232,,
COH1,Fort Collins,PHG29/PHG47,G3,1,1,5/24/2023,11/7/2023,78,261.3729959,,
COH1,Fort Collins,LH195/PHN82,G4,1,1,5/24/2023,11/7/2023,97,213.6521506,,
COH1,Fort Collins,PHJ89/PH207,G5,1,1,5/24/2023,11/7/2023,78,225.0755228,,
COH1,Fort Collins,LH244/PHZ51,G6,1,1,5/24/2023,11/7/2023,97,152.0907006,,
COH1,Fort Collins,B73/PHZ51,G7,1,1,5/24/2023,11/7/2023,97,178.3553598,,
COH1,Fort Collins,PHJ40/PHAJ0,G8,1,1,5/24/2023,11/7/2023,92,161.9545681,,
COH1,Fort Collins,PHB47/PHN82,G9,1,1,5/24/2023,11/7/2023,78,215.8744448,,
COH1,Fort Collins,LH195/PHZ51,G10,1,1,5/24/2023,11/7/2023,97,169.6762826,,
COH1,Fort Collins,LH195/PHK76,G11,1,1,5/24/2023,11/7/2023,97,185.5680692,,
COH1,Fort Collins,PHRE1/PHTD5,G12,1,1,5/24/2023,11/7/2023,78,206.3907066,,
COH1,Fort Collins,PHB47/PHK76,G13,1,1,5/24/2023,11/7/2023,78,224.7203023,,
COH1,Fort Collins,B73/PHK76,G14,1,1,5/24/2023,11/7/2023,78,219.430982,,
COH1,Fort Collins,LH244/PHN82,G15,1,1,5/24/2023,11/7/2023,97,162.1105186,,
COH1,Fort Collins,LH244/PHK76,G16,1,1,5/24/2023,11/7/2023,97,209.8530237,,
COH1,Fort Collins,B73/MO17,G17,1,1,5/24/2023,11/7/2023,89,200.3227169,,
COH1,Fort Collins,PHB47/PHZ51,G18,1,1,5/24/2023,11/7/2023,89,199.2646363,,
COH1,Fort Collins,LH145/LH82,G19,1,1,5/24/2023,11/7/2023,76,214.4362349,,
COH1,Fort Collins,LH195/MO17,G20,1,1,5/24/2023,11/7/2023,89,145.3718343,,
COH1,Fort Collins,LH195/PHK76,G11,2,2,5/24/2023,11/7/2023,89,82.23593436,,
COH1,Fort Collins,PHJ89/PH207,G5,2,2,5/24/2023,11/7/2023,76,95.60089006,,
COH1,Fort Collins,PHB47/PHN82,G9,2,2,5/24/2023,11/7/2023,76,76.63178907,,
COH1,Fort Collins,LH145/LH82,G19,2,2,5/24/2023,11/7/2023,76,88.28356382,,
COH1,Fort Collins,LH195/PHZ51,G10,2,2,5/24/2023,11/7/2023,76,71.31615216,,
COH1,Fort Collins,PHG29/PHG47,G3,2,2,5/24/2023,11/7/2023,76,81.05493441,,
COH1,Fort Collins,LH244/PHZ51,G6,2,2,5/24/2023,11/7/2023,78,55.84933062,,
COH1,Fort Collins,B73/PHN82,G1,2,2,5/24/2023,11/7/2023,89,77.07960519,,
COH1,Fort Collins,B73/PHZ51,G7,2,2,5/24/2023,11/7/2023,89,69.31652051,,
COH1,Fort Collins,PHB47/PHK76,G13,2,2,5/24/2023,11/7/2023,76,53.97272657,,
COH1,Fort Collins,PHJ40/PHAJ0,G8,2,2,5/24/2023,11/7/2023,76,47.75983293,,
COH1,Fort Collins,LH195/MO17,G20,2,2,5/24/2023,11/7/2023,89,42.70259729,,
COH1,Fort Collins,LH244/MO17,G2,2,2,5/24/2023,11/7/2023,89,49.52012391,,
COH1,Fort Collins,LH195/PHN82,G4,2,2,5/24/2023,11/7/2023,89,91.09023917,,
COH1,Fort Collins,PHRE1/PHTD5,G12,2,2,5/24/2023,11/7/2023,76,68.24046223,,
COH1,Fort Collins,LH244/PHN82,G15,2,2,5/24/2023,11/7/2023,76,99.37294217,,
COH1,Fort Collins,B73/PHK76,G14,2,2,5/24/2023,11/7/2023,78,85.75110139,,
COH1,Fort Collins,PHB47/PHZ51,G18,2,2,5/24/2023,11/7/2023,78,58.4072433,,
COH1,Fort Collins,LH244/PHK76,G16,2,2,5/24/2023,11/7/2023,78,70.66939088,,
COH1,Fort Collins,B73/MO17,G17,2,2,5/24/2023,11/7/2023,78,71.91266272,,
COH1,Fort Collins,B73/PHN82,G1,3,3,5/24/2023,11/7/2023,89,262.8285336,,
COH1,Fort Collins,LH244/MO17,G2,3,3,5/24/2023,11/7/2023,97,188.1726587,,
COH1,Fort Collins,PHG29/PHG47,G3,3,3,5/24/2023,11/7/2023,76,214.0561056,,
COH1,Fort Collins,LH195/PHN82,G4,3,3,5/24/2023,11/7/2023,89,205.4972403,,
COH1,Fort Collins,PHJ89/PH207,G5,3,3,5/24/2023,11/7/2023,76,192.7937746,,
COH1,Fort Collins,LH244/PHZ51,G6,3,3,5/24/2023,11/7/2023,97,138.7082005,,
COH1,Fort Collins,B73/PHZ51,G7,3,3,5/24/2023,11/7/2023,97,137.3382189,,
COH1,Fort Collins,PHJ40/PHAJ0,G8,3,3,5/24/2023,11/7/2023,70,144.8660783,,
COH1,Fort Collins,PHB47/PHN82,G9,3,3,5/24/2023,11/7/2023,76,215.4065934,,
COH1,Fort Collins,LH195/PHZ51,G10,3,3,5/24/2023,11/7/2023,89,218.7660266,,
COH1,Fort Collins,LH195/PHK76,G11,3,3,5/24/2023,11/7/2023,97,211.149362,,
COH1,Fort Collins,PHRE1/PHTD5,G12,3,3,5/24/2023,11/7/2023,70,201.6114743,,
COH1,Fort Collins,PHB47/PHK76,G13,3,3,5/24/2023,11/7/2023,76,197.039093,,
COH1,Fort Collins,B73/PHK76,G14,3,3,5/24/2023,11/7/2023,76,190.3678783,,
COH1,Fort Collins,LH244/PHN82,G15,3,3,5/24/2023,11/7/2023,89,181.4602904,,
COH1,Fort Collins,LH244/PHK76,G16,3,3,5/24/2023,11/7/2023,76,193.6016847,,
COH1,Fort Collins,B73/MO17,G17,3,3,5/24/2023,11/7/2023,97,147.4121864,,
COH1,Fort Collins,PHB47/PHZ51,G18,3,3,5/24/2023,11/7/2023,76,166.4089036,,
COH1,Fort Collins,LH145/LH82,G19,3,3,5/24/2023,11/7/2023,70,196.9849436,,
COH1,Fort Collins,LH195/MO17,G20,3,3,5/24/2023,11/7/2023,89,160.2109552,,
COH1,Fort Collins,LH195/PHK76,G11,4,4,5/24/2023,11/7/2023,76,51.49094804,,
COH1,Fort Collins,PHJ89/PH207,G5,4,4,5/24/2023,11/7/2023,89,171.480543,,
COH1,Fort Collins,PHB47/PHN82,G9,4,4,5/24/2023,11/7/2023,76,125.8173776,,
COH1,Fort Collins,LH145/LH82,G19,4,4,5/24/2023,11/7/2023,76,161.3253513,,
COH1,Fort Collins,LH195/PHZ51,G10,4,4,5/24/2023,11/7/2023,76,96.10448014,,
COH1,Fort Collins,PHG29/PHG47,G3,4,4,5/24/2023,11/7/2023,89,125.058202,,
COH1,Fort Collins,LH244/PHZ51,G6,4,4,5/24/2023,11/7/2023,97,106.143792,,
COH1,Fort Collins,B73/PHN82,G1,4,4,5/24/2023,11/7/2023,89,79.97952593,,
COH1,Fort Collins,B73/PHZ51,G7,4,4,5/24/2023,11/7/2023,89,127.2761643,,
COH1,Fort Collins,PHB47/PHK76,G13,4,4,5/24/2023,11/7/2023,97,105.4290189,,
COH1,Fort Collins,PHJ40/PHAJ0,G8,4,4,5/24/2023,11/7/2023,76,119.0302829,,
COH1,Fort Collins,LH195/MO17,G20,4,4,5/24/2023,11/7/2023,89,67.95108746,,
COH1,Fort Collins,LH244/MO17,G2,4,4,5/24/2023,11/7/2023,89,81.65631843,,
COH1,Fort Collins,LH195/PHN82,G4,4,4,5/24/2023,11/7/2023,89,68.17591607,,
COH1,Fort Collins,PHRE1/PHTD5,G12,4,4,5/24/2023,11/7/2023,89,127.0411556,,
COH1,Fort Collins,LH244/PHN82,G15,4,4,5/24/2023,11/7/2023,70,111.3616349,,
COH1,Fort Collins,B73/PHK76,G14,4,4,5/24/2023,11/7/2023,89,142.1142022,,
COH1,Fort Collins,PHB47/PHZ51,G18,4,4,5/24/2023,11/7/2023,78,105.2914793,,
COH1,Fort Collins,LH244/PHK76,G16,4,4,5/24/2023,11/7/2023,78,131.7456616,,
COH1,Fort Collins,B73/MO17,G17,4,4,5/24/2023,11/7/2023,97,95.35071951,,
ILH1,Urbana,LH145/LH82,G19,1,1,5/3/2023,10/2/2023,65,96.30962927,142,64
ILH1,Urbana,LH195/PHZ51,G10,1,1,5/3/2023,10/2/2023,74,168.2832055,179,62
ILH1,Urbana,LH195/MO17,G20,1,1,5/3/2023,10/2/2023,71,257.5581131,194,96
ILH1,Urbana,LH195/PHK76,G11,1,1,5/3/2023,10/2/2023,67,170.0894648,168,58
ILH1,Urbana,LH244/PHN82,G15,1,1,5/3/2023,10/2/2023,70,164.2082072,173,82
ILH1,Urbana,LH195/PHN82,G4,1,1,5/3/2023,10/2/2023,69,179.90664,163,56
ILH1,Urbana,B73/PHN82,G1,1,1,5/3/2023,10/2/2023,69,191.1095713,175,78
ILH1,Urbana,B73/PHZ51,G7,1,1,5/3/2023,10/2/2023,69,163.2810383,202,93
ILH1,Urbana,B73/PHK76,G14,1,1,5/3/2023,10/2/2023,66,172.9412482,183,89
ILH1,Urbana,LH244/MO17,G2,1,1,5/3/2023,10/2/2023,72,214.8347007,191,76
ILH1,Urbana,PHB47/PHN82,G9,1,1,5/3/2023,10/2/2023,68,148.5361808,164,69
ILH1,Urbana,PHB47/PHZ51,G18,1,1,5/3/2023,10/2/2023,69,158.6435106,187,70
ILH1,Urbana,LH244/PHK76,G16,1,1,5/3/2023,10/2/2023,71,175.9706171,179,61
ILH1,Urbana,PHG29/PHG47,G3,1,1,5/3/2023,10/2/2023,66,152.1991976,167,71
ILH1,Urbana,PHB47/PHK76,G13,1,1,5/3/2023,10/2/2023,65,133.441623,172,51
ILH1,Urbana,PHJ89/PH207,G5,1,1,5/3/2023,10/2/2023,66,138.6808163,176,79
ILH1,Urbana,PHJ40/PHAJ0,G8,1,1,5/3/2023,10/2/2023,59,87.55954518,129,50
ILH1,Urbana,B73/MO17,G17,1,1,5/3/2023,10/2/2023,71,192.7310911,201,92
ILH1,Urbana,LH244/PHZ51,G6,1,1,5/3/2023,10/2/2023,71,132.4181918,199,69
ILH1,Urbana,PHRE1/PHTD5,G12,1,1,5/3/2023,10/2/2023,59,123.8015073,147,74
ILH1,Urbana,PHB47/PHK76,G13,2,1,5/3/2023,10/2/2023,66,140.0484772,179,65
ILH1,Urbana,LH244/MO17,G2,2,1,5/3/2023,10/2/2023,70,200.4758392,191,98
ILH1,Urbana,PHJ89/PH207,G5,2,1,5/3/2023,10/2/2023,61,146.8883599,163,69
ILH1,Urbana,LH244/PHZ51,G6,2,1,5/3/2023,10/2/2023,74,127.0674815,178,74
ILH1,Urbana,LH195/PHK76,G11,2,1,5/3/2023,10/2/2023,67,184.025719,169,64
ILH1,Urbana,LH195/PHZ51,G10,2,1,5/3/2023,10/2/2023,72,166.1790066,182,81
ILH1,Urbana,LH195/PHN82,G4,2,1,5/3/2023,10/2/2023,70,174.4630339,165,70
ILH1,Urbana,LH244/PHK76,G16,2,1,5/3/2023,10/2/2023,66,184.0741132,187,77
ILH1,Urbana,PHRE1/PHTD5,G12,2,1,5/3/2023,10/2/2023,59,91.68398966,139,56
ILH1,Urbana,PHJ40/PHAJ0,G8,2,1,5/3/2023,10/2/2023,59,84.55300568,131,50
ILH1,Urbana,B73/PHN82,G1,2,1,5/3/2023,10/2/2023,70,205.5628014,179,66
ILH1,Urbana,PHB47/PHZ51,G18,2,1,5/3/2023,10/2/2023,66,173.2389774,195,76
ILH1,Urbana,PHB47/PHN82,G9,2,1,5/3/2023,10/2/2023,66,179.0655285,165,56
ILH1,Urbana,LH145/LH82,G19,2,1,5/3/2023,10/2/2023,64,116.2167755,149,50
ILH1,Urbana,LH195/MO17,G20,2,1,5/3/2023,10/2/2023,74,245.5387934,196,88
ILH1,Urbana,B73/PHZ51,G7,2,1,5/3/2023,10/2/2023,70,174.1015506,201,79
ILH1,Urbana,LH244/PHN82,G15,2,1,5/3/2023,10/2/2023,69,166.8592601,192,74
ILH1,Urbana,B73/MO17,G17,2,1,5/3/2023,10/2/2023,69,217.5010083,198,94
ILH1,Urbana,B73/PHK76,G14,2,1,5/3/2023,10/2/2023,65,206.3061777,185,80
ILH1,Urbana,PHG29/PHG47,G3,2,1,5/3/2023,10/2/2023,65,148.7883565,169,87
ILH1,Urbana,LH145/LH82,G19,3,1,5/3/2023,10/2/2023,59,108.1924985,143,55
ILH1,Urbana,LH195/PHZ51,G10,3,1,5/3/2023,10/2/2023,71,194.2399367,195,76
ILH1,Urbana,LH195/MO17,G20,3,1,5/3/2023,10/2/2023,72,244.5030533,199,80
ILH1,Urbana,LH195/PHK76,G11,3,1,5/3/2023,10/2/2023,65,175.9201188,171,77
ILH1,Urbana,LH244/PHN82,G15,3,1,5/3/2023,10/2/2023,66,163.2149698,184,82
ILH1,Urbana,LH195/PHN82,G4,3,1,5/3/2023,10/2/2023,69,158.6010079,169,63
ILH1,Urbana,B73/PHN82,G1,3,1,5/3/2023,10/2/2023,68,171.4229341,191,94
ILH1,Urbana,B73/PHZ51,G7,3,1,5/3/2023,10/2/2023,68,166.852527,204,74
ILH1,Urbana,B73/PHK76,G14,3,1,5/3/2023,10/2/2023,66,182.1825329,189,89
ILH1,Urbana,LH244/MO17,G2,3,1,5/3/2023,10/2/2023,69,231.5614041,208,93
ILH1,Urbana,PHB47/PHN82,G9,3,1,5/3/2023,10/2/2023,66,153.7774783,168,79
ILH1,Urbana,PHB47/PHZ51,G18,3,1,5/3/2023,10/2/2023,66,163.2318025,193,71
ILH1,Urbana,LH244/PHK76,G16,3,1,5/3/2023,10/2/2023,66,179.0061931,190,78
ILH1,Urbana,PHG29/PHG47,G3,3,1,5/3/2023,10/2/2023,59,166.2394993,171,72
ILH1,Urbana,PHB47/PHK76,G13,3,1,5/3/2023,10/2/2023,61,158.7109468,177,62
ILH1,Urbana,PHJ89/PH207,G5,3,1,5/3/2023,10/2/2023,59,163.2805123,171,58
ILH1,Urbana,PHJ40/PHAJ0,G8,3,1,5/3/2023,10/2/2023,59,87.75206975,132,61
ILH1,Urbana,B73/MO17,G17,3,1,5/3/2023,10/2/2023,66,213.6217959,209,103
ILH1,Urbana,LH244/PHZ51,G6,3,1,5/3/2023,10/2/2023,67,150.919067,214,87
ILH1,Urbana,PHRE1/PHTD5,G12,3,1,5/3/2023,10/2/2023,59,128.959167,149,68
ILH1,Urbana,PHB47/PHK76,G13,4,1,5/3/2023,10/2/2023,61,179.9000121,191,65
ILH1,Urbana,LH244/MO17,G2,4,1,5/3/2023,10/2/2023,67,214.7614783,208,111
ILH1,Urbana,PHJ89/PH207,G5,4,1,5/3/2023,10/2/2023,61,165.5979611,173,71
ILH1,Urbana,LH244/PHZ51,G6,4,1,5/3/2023,10/2/2023,67,186.0860476,203,68
ILH1,Urbana,LH195/PHK76,G11,4,1,5/3/2023,10/2/2023,66,184.1406025,170,75
ILH1,Urbana,LH195/PHZ51,G10,4,1,5/3/2023,10/2/2023,70,192.301856,189,64
ILH1,Urbana,LH195/PHN82,G4,4,1,5/3/2023,10/2/2023,69,165.3119096,166,60
ILH1,Urbana,LH244/PHK76,G16,4,1,5/3/2023,10/2/2023,66,171.3134161,182,81
ILH1,Urbana,PHRE1/PHTD5,G12,4,1,5/3/2023,10/2/2023,59,136.0984621,144,57
ILH1,Urbana,PHJ40/PHAJ0,G8,4,1,5/3/2023,10/2/2023,59,89.28658529,129,53
ILH1,Urbana,B73/PHN82,G1,4,1,5/3/2023,10/2/2023,69,214.8536376,184,80
ILH1,Urbana,PHB47/PHZ51,G18,4,1,5/3/2023,10/2/2023,67,173.9159696,194,77
ILH1,Urbana,PHB47/PHN82,G9,4,1,5/3/2023,10/2/2023,66,168.2852044,167,67
ILH1,Urbana,LH145/LH82,G19,4,1,5/3/2023,10/2/2023,59,113.1993999,136,40
ILH1,Urbana,LH195/MO17,G20,4,1,5/3/2023,10/2/2023,74,247.6026989,191,81
ILH1,Urbana,B73/PHZ51,G7,4,1,5/3/2023,10/2/2023,69,192.1256382,205,106
ILH1,Urbana,LH244/PHN82,G15,4,1,5/3/2023,10/2/2023,69,166.1613322,181,73
ILH1,Urbana,B73/MO17,G17,4,1,5/3/2023,10/2/2023,70,195.8515673,203,102
ILH1,Urbana,B73/PHK76,G14,4,1,5/3/2023,10/2/2023,65,199.8973187,187,83
ILH1,Urbana,PHG29/PHG47,G3,4,1,5/3/2023,10/2/2023,61,169.6819018,160,58
INH1,West Lafayette,PHB47/PHN82,G9,1,1,5/4/2023,10/17/2023,66,209.7624497,211,82
INH1,West Lafayette,B73/PHN82,G1,1,1,5/4/2023,10/17/2023,68,246.7625518,222,99
INH1,West Lafayette,B73/PHK76,G14,1,1,5/4/2023,10/17/2023,66,215.1004828,217,92
INH1,West Lafayette,LH145/LH82,G19,1,1,5/4/2023,10/17/2023,62,149.5238424,176,70
INH1,West Lafayette,PHB47/PHK76,G13,1,1,5/4/2023,10/17/2023,66,157.8635757,217,92
INH1,West Lafayette,LH195/MO17,G20,1,1,5/4/2023,10/17/2023,72,251.683273,241,112
INH1,West Lafayette,PHB47/PHZ51,G18,1,1,5/4/2023,10/17/2023,67,193.7002367,235,86
INH1,West Lafayette,LH244/PHZ51,G6,1,1,5/4/2023,10/17/2023,67,165.8643043,252,88
INH1,West Lafayette,B73/PHZ51,G7,1,1,5/4/2023,10/17/2023,67,207.1801481,241,110
INH1,West Lafayette,PHG29/PHG47,G3,1,1,5/4/2023,10/17/2023,64,181.5392764,199,80
INH1,West Lafayette,LH195/PHK76,G11,1,1,5/4/2023,10/17/2023,68,175.6716254,198,81
INH1,West Lafayette,LH244/PHK76,G16,1,1,5/4/2023,10/17/2023,66,183.3717667,167,78
INH1,West Lafayette,B73/MO17,G17,1,1,5/4/2023,10/17/2023,68,266.6650164,237,109
INH1,West Lafayette,PHRE1/PHTD5,G12,1,1,5/4/2023,10/17/2023,60,136.5917143,166,70
INH1,West Lafayette,LH244/PHN82,G15,1,1,5/4/2023,10/17/2023,68,214.633339,208,84
INH1,West Lafayette,LH195/PHZ51,G10,1,1,5/4/2023,10/17/2023,71,223.6656872,226,105
INH1,West Lafayette,LH195/PHN82,G4,1,1,5/4/2023,10/17/2023,70,196.1089856,199,81
INH1,West Lafayette,LH244/MO17,G2,1,1,5/4/2023,10/17/2023,65,254.1306847,240,94
INH1,West Lafayette,PHJ40/PHAJ0,G8,1,1,5/4/2023,10/17/2023,55,137.8071966,162,78
INH1,West Lafayette,PHJ89/PH207,G5,1,1,5/4/2023,10/17/2023,62,178.7886999,200,89
INH1,West Lafayette,LH195/PHN82,G4,2,1,5/4/2023,10/17/2023,70,206.4427334,145,80
INH1,West Lafayette,B73/PHZ51,G7,2,1,5/4/2023,10/17/2023,67,194.6382066,243,119
INH1,West Lafayette,LH195/MO17,G20,2,1,5/4/2023,10/17/2023,72,273.7879172,233,119
INH1,West Lafayette,PHJ89/PH207,G5,2,1,5/4/2023,10/17/2023,62,160.4633062,204,90
INH1,West Lafayette,PHB47/PHK76,G13,2,1,5/4/2023,10/17/2023,66,182.7200237,221,87
INH1,West Lafayette,LH195/PHK76,G11,2,1,5/4/2023,10/17/2023,67,177.0503503,201,83
INH1,West Lafayette,PHG29/PHG47,G3,2,1,5/4/2023,10/17/2023,63,191.6417843,206,83
INH1,West Lafayette,PHB47/PHZ51,G18,2,1,5/4/2023,10/17/2023,67,196.3504128,233,84
INH1,West Lafayette,LH244/PHK76,G16,2,1,5/4/2023,10/17/2023,66,219.2645194,215,75
INH1,West Lafayette,B73/MO17,G17,2,1,5/4/2023,10/17/2023,70,255.1138225,242,124
INH1,West Lafayette,LH244/PHN82,G15,2,1,5/4/2023,10/17/2023,68,211.9379949,217,91
INH1,West Lafayette,B73/PHK76,G14,2,1,5/4/2023,10/17/2023,66,218.5773048,220,107
INH1,West Lafayette,PHRE1/PHTD5,G12,2,1,5/4/2023,10/17/2023,59,162.0606289,173,85
INH1,West Lafayette,LH195/PHZ51,G10,2,1,5/4/2023,10/17/2023,70,240.3773112,241,95
INH1,West Lafayette,PHJ40/PHAJ0,G8,2,1,5/4/2023,10/17/2023,55,103.207129,164,73
INH1,West Lafayette,LH145/LH82,G19,2,1,5/4/2023,10/17/2023,61,155.8254979,178,65
INH1,West Lafayette,B73/PHN82,G1,2,1,5/4/2023,10/17/2023,68,258.926826,213,102
INH1,West Lafayette,LH244/MO17,G2,2,1,5/4/2023,10/17/2023,69,268.2147165,239,96
INH1,West Lafayette,LH244/PHZ51,G6,2,1,5/4/2023,10/17/2023,69,213.2406218,240,95
INH1,West Lafayette,PHB47/PHN82,G9,2,1,5/4/2023,10/17/2023,67,262.3261998,210,90
MNH1,Saint Paul,PHJ40/PHAJ0,G8,1,1,5/17/2023,11/14/2023,51,177.8253587,202,110
MNH1,Saint Paul,PHRE1/PHTD5,G12,1,1,5/17/2023,11/14/2023,55,137.9590443,205,111
MNH1,Saint Paul,B73/PHK76,G14,1,1,5/17/2023,11/14/2023,62,205.2539171,227,114
MNH1,Saint Paul,LH145/LH82,G19,1,1,5/17/2023,11/14/2023,57,194.0647709,226,113
MNH1,Saint Paul,PHB47/PHN82,G9,1,1,5/17/2023,11/14/2023,62,250.2545934,229,113
MNH1,Saint Paul,PHG29/PHG47,G3,1,1,5/17/2023,11/14/2023,59,257.7795112,233,138
MNH1,Saint Paul,PHB47/PHK76,G13,1,1,5/17/2023,11/14/2023,62,210.0997636,237,103
MNH1,Saint Paul,LH195/MO17,G20,1,1,5/17/2023,11/14/2023,71,233.9807351,264,142
MNH1,Saint Paul,LH244/PHN82,G15,1,1,5/17/2023,11/14/2023,66,225.7446845,217,115
MNH1,Saint Paul,B73/PHN82,G1,1,1,5/17/2023,11/14/2023,64,190.463377,242,119
MNH1,Saint Paul,B73/PHZ51,G7,1,1,5/17/2023,11/14/2023,64,233.7497091,260,134
MNH1,Saint Paul,LH244/MO17,G2,1,1,5/17/2023,11/14/2023,66,241.839067,264,115
MNH1,Saint Paul,LH244/PHZ51,G6,1,1,5/17/2023,11/14/2023,63,229.3486916,253,126
MNH1,Saint Paul,LH195/PHN82,G4,1,1,5/17/2023,11/14/2023,68,98.09023554,218,115
MNH1,Saint Paul,LH244/PHK76,G16,1,1,5/17/2023,11/14/2023,62,231.9525755,233,116
MNH1,Saint Paul,LH195/PHK76,G11,1,1,5/17/2023,11/14/2023,60,124.0545992,224,125
MNH1,Saint Paul,PHJ89/PH207,G5,1,1,5/17/2023,11/14/2023,57,200.6263872,233,125
MNH1,Saint Paul,LH195/PHZ51,G10,1,1,5/17/2023,11/14/2023,70,158.1055889,271,128
MNH1,Saint Paul,PHB47/PHZ51,G18,1,1,5/17/2023,11/14/2023,64,182.0604412,253,117
MNH1,Saint Paul,B73/MO17,G17,1,1,5/17/2023,11/14/2023,69,162.4740607,248,135
MNH1,Saint Paul,PHG29/PHG47,G3,2,1,5/17/2023,11/14/2023,62,195.7289903,210,112
MNH1,Saint Paul,PHJ89/PH207,G5,2,1,5/17/2023,11/14/2023,60,186.1985996,225,105
MNH1,Saint Paul,LH244/PHK76,G16,2,1,5/17/2023,11/14/2023,63,201.5286361,226,120
MNH1,Saint Paul,B73/PHK76,G14,2,1,5/17/2023,11/14/2023,64,203.3106847,216,105
MNH1,Saint Paul,PHB47/PHN82,G9,2,1,5/17/2023,11/14/2023,67,280.1974759,231,110
MNH1,Saint Paul,B73/PHZ51,G7,2,1,5/17/2023,11/14/2023,68,187.355393,255,133
MNH1,Saint Paul,LH195/PHZ51,G10,2,1,5/17/2023,11/14/2023,69,237.6948508,254,132
MNH1,Saint Paul,LH244/MO17,G2,2,1,5/17/2023,11/14/2023,66,226.0107506,242,111
MNH1,Saint Paul,PHB47/PHK76,G13,2,1,5/17/2023,11/14/2023,62,273.1505267,246,113
MNH1,Saint Paul,PHB47/PHZ51,G18,2,1,5/17/2023,11/14/2023,63,218.3018433,267,131
MNH1,Saint Paul,LH145/LH82,G19,2,1,5/17/2023,11/14/2023,58,110.4523291,217,102
MNH1,Saint Paul,PHJ40/PHAJ0,G8,2,1,5/17/2023,11/14/2023,51,151.3187667,203,112
MNH1,Saint Paul,LH195/PHN82,G4,2,1,5/17/2023,11/14/2023,66,140.8095144,217,105
MNH1,Saint Paul,LH195/PHK76,G11,2,1,5/17/2023,11/14/2023,65,208.6170393,216,99
MNH1,Saint Paul,LH244/PHN82,G15,2,1,5/17/2023,11/14/2023,63,150.7549205,230,110
MNH1,Saint Paul,B73/PHN82,G1,2,1,5/17/2023,11/14/2023,65,160.3098985,234,125
MNH1,Saint Paul,LH244/PHZ51,G6,2,1,5/17/2023,11/14/2023,65,174.9354539,263,126
MNH1,Saint Paul,LH195/MO17,G20,2,1,5/17/2023,11/14/2023,72,147.2155295,227.4,144
MNH1,Saint Paul,B73/MO17,G17,2,1,5/17/2023,11/14/2023,71,223.1712082,249,142
MNH1,Saint Paul,PHRE1/PHTD5,G12,2,1,5/17/2023,11/14/2023,55,187.05108,210,108
MOH1,Columbia,B73/PHN82,G1,1,1,5/24/2023,11/8/2023,60,144.4706518,,
MOH1,Columbia,LH195/PHZ51,G10,1,1,5/24/2023,11/8/2023,60,124.9376653,,
MOH1,Columbia,B73/MO17,G17,1,1,5/24/2023,11/8/2023,60,133.6179607,,
MOH1,Columbia,LH195/MO17,G20,1,1,5/24/2023,11/8/2023,62,124.9309507,,
MOH1,Columbia,LH195/PHK76,G11,1,1,5/24/2023,11/8/2023,60,108.085592,,
MOH1,Columbia,B73/PHZ51,G7,1,1,5/24/2023,11/8/2023,60,139.9732404,,
MOH1,Columbia,LH244/PHZ51,G6,1,1,5/24/2023,11/8/2023,62,101.7269821,,
MOH1,Columbia,LH244/PHK76,G16,1,1,5/24/2023,11/8/2023,55,139.9732404,,
MOH1,Columbia,PHB47/PHN82,G9,1,1,5/24/2023,11/8/2023,57,122.1713583,,
MOH1,Columbia,B73/PHK76,G14,1,1,5/24/2023,11/8/2023,56,111.5045895,,
MOH1,Columbia,LH244/MO17,G2,1,1,5/24/2023,11/8/2023,59,126.2342743,,
MOH1,Columbia,PHB47/PHK76,G13,1,1,5/24/2023,11/8/2023,56,111.6431039,,
MOH1,Columbia,PHB47/PHZ51,G18,1,1,5/24/2023,11/8/2023,62,130.6541166,,
MOH1,Columbia,LH244/PHN82,G15,1,1,5/24/2023,11/8/2023,57,144.2126025,,
MOH1,Columbia,PHJ40/PHAJ0,G8,1,1,5/24/2023,11/8/2023,47,54.17719497,,
MOH1,Columbia,PHRE1/PHTD5,G12,1,1,5/24/2023,11/8/2023,49,83.45462235,,
MOH1,Columbia,PHG29/PHG47,G3,1,1,5/24/2023,11/8/2023,54,119.9140023,,
MOH1,Columbia,LH195/PHN82,G4,1,1,5/24/2023,11/8/2023,61,141.0545512,,
MOH1,Columbia,PHJ89/PH207,G5,1,1,5/24/2023,11/8/2023,53,124.7922198,,
MOH1,Columbia,LH145/LH82,G19,1,1,5/24/2023,11/8/2023,53,103.8150398,,
MOH1,Columbia,LH244/PHK76,G16,2,1,5/24/2023,11/8/2023,55,108.7570454,,
MOH1,Columbia,PHRE1/PHTD5,G12,2,1,5/24/2023,11/8/2023,50,87.67137698,,
MOH1,Columbia,LH195/MO17,G20,2,1,5/24/2023,11/8/2023,63,167.8044437,,
MOH1,Columbia,LH145/LH82,G19,2,1,5/24/2023,11/8/2023,52,87.60997148,,
MOH1,Columbia,B73/PHN82,G1,2,1,5/24/2023,11/8/2023,57,170.3103729,,
MOH1,Columbia,PHJ89/PH207,G5,2,1,5/24/2023,11/8/2023,53,122.7905305,,
MOH1,Columbia,LH195/PHN82,G4,2,1,5/24/2023,11/8/2023,60,130.8651912,,
MOH1,Columbia,PHB47/PHK76,G13,2,1,5/24/2023,11/8/2023,54,120.4963528,,
MOH1,Columbia,B73/PHK76,G14,2,1,5/24/2023,11/8/2023,55,140.23684,,
MOH1,Columbia,B73/PHZ51,G7,2,1,5/24/2023,11/8/2023,58,138.9182192,,
MOH1,Columbia,LH244/PHN82,G15,2,1,5/24/2023,11/8/2023,57,139.6619622,,
MOH1,Columbia,LH195/PHK76,G11,2,1,5/24/2023,11/8/2023,57,115.4952431,,
MOH1,Columbia,PHJ40/PHAJ0,G8,2,1,5/24/2023,11/8/2023,47,77.21543914,,
MOH1,Columbia,PHB47/PHN82,G9,2,1,5/24/2023,11/8/2023,57,153.054128,,
MOH1,Columbia,PHG29/PHG47,G3,2,1,5/24/2023,11/8/2023,54,130.7242672,,
MOH1,Columbia,PHB47/PHZ51,G18,2,1,5/24/2023,11/8/2023,57,114.3452978,,
MOH1,Columbia,LH195/PHZ51,G10,2,1,5/24/2023,11/8/2023,61,141.1462262,,
MOH1,Columbia,B73/MO17,G17,2,1,5/24/2023,11/8/2023,58,142.4572391,,
MOH1,Columbia,LH244/MO17,G2,2,1,5/24/2023,11/8/2023,60,149.750902,,
MOH1,Columbia,LH244/PHZ51,G6,2,1,5/24/2023,11/8/2023,60,131.3486377,,
MOH1,Columbia,PHG29/PHG47,G3,1,1,5/9/2023,10/17/2023,58,122.2447038,198,90
MOH1,Columbia,PHG29/PHG47,G3,3,1,5/9/2023,10/17/2023,58,118.9999592,185,83
MOH1,Columbia,B73/MO17,G17,1,1,5/9/2023,10/17/2023,64,172.9046741,207,108
MOH1,Columbia,B73/MO17,G17,3,1,5/9/2023,10/17/2023,64,179.2436277,227,120
MOH1,Columbia,LH244/PHZ51,G6,1,1,5/9/2023,10/17/2023,64,138.8865688,234,114
MOH1,Columbia,LH244/PHZ51,G6,3,1,5/9/2023,10/17/2023,64,126.0156729,195,108
MOH1,Columbia,PHJ89/PH207,G5,1,1,5/9/2023,10/18/2023,58,100.2430159,189,86
MOH1,Columbia,PHJ89/PH207,G5,3,1,5/9/2023,10/17/2023,57,138.4840217,201,88
MOH1,Columbia,B73/PHK76,G14,1,1,5/9/2023,10/18/2023,62,162.7132022,204,83
MOH1,Columbia,B73/PHK76,G14,3,1,5/9/2023,10/17/2023,62,159.1430193,189,90
MOH1,Columbia,LH195/PHZ51,G10,1,1,5/9/2023,10/18/2023,66,158.3365171,215,98
MOH1,Columbia,LH195/PHZ51,G10,3,1,5/9/2023,10/17/2023,67,177.9209727,216,98
MOH1,Columbia,PHB47/PHZ51,G18,1,1,5/9/2023,10/18/2023,64,134.8276328,197,79
MOH1,Columbia,PHB47/PHZ51,G18,3,1,5/9/2023,10/17/2023,65,151.8866654,236,114
MOH1,Columbia,PHB47/PHN82,G9,1,1,5/9/2023,10/17/2023,63,149.9931667,182,86
MOH1,Columbia,PHB47/PHN82,G9,3,1,5/9/2023,10/18/2023,63,133.0182824,192,74
MOH1,Columbia,B73/PHZ51,G7,1,1,5/9/2023,10/17/2023,64,155.6782113,218,110
MOH1,Columbia,B73/PHZ51,G7,3,1,5/9/2023,10/18/2023,64,170.2877385,183,82
MOH1,Columbia,LH145/LH82,G19,1,1,5/9/2023,10/17/2023,57,56.62735021,140,68
MOH1,Columbia,LH145/LH82,G19,3,1,5/9/2023,10/18/2023,57,118.8992412,168,71
MOH1,Columbia,LH244/PHK76,G16,1,1,5/9/2023,10/17/2023,59,155.6515698,185,80
MOH1,Columbia,LH244/PHK76,G16,3,1,5/9/2023,10/18/2023,61,160.647075,186,84
MOH1,Columbia,B73/PHN82,G1,1,1,5/9/2023,10/17/2023,64,191.5016599,194,95
MOH1,Columbia,B73/PHN82,G1,3,1,5/9/2023,10/17/2023,64,208.3056485,212,98
MOH1,Columbia,LH195/PHK76,G11,1,1,5/9/2023,10/17/2023,63,127.2799548,173,84
MOH1,Columbia,LH195/PHK76,G11,3,1,5/9/2023,10/17/2023,61,151.9160144,178,90
MOH1,Columbia,PHJ40/PHAJ0,G8,1,1,5/9/2023,10/17/2023,50,60.77325026,164,80
MOH1,Columbia,PHJ40/PHAJ0,G8,3,1,5/9/2023,10/17/2023,51,39.2042166,175,89
MOH1,Columbia,LH244/PHN82,G15,1,1,5/9/2023,10/17/2023,65,136.1924161,183,80
MOH1,Columbia,LH244/PHN82,G15,3,1,5/9/2023,10/17/2023,64,152.102072,207,90
MOH1,Columbia,PHB47/PHK76,G13,1,1,5/9/2023,10/17/2023,61,122.6268908,192,83
MOH1,Columbia,PHB47/PHK76,G13,3,1,5/9/2023,10/17/2023,61,166.6639476,200,105
MOH1,Columbia,LH195/MO17,G20,1,1,5/9/2023,10/17/2023,67,198.2845309,224,106
MOH1,Columbia,LH195/MO17,G20,3,1,5/9/2023,10/17/2023,68,190.264886,216,120
MOH1,Columbia,LH244/MO17,G2,1,1,5/9/2023,10/17/2023,65,164.5043584,218,108
MOH1,Columbia,LH244/MO17,G2,3,1,5/9/2023,10/17/2023,63,177.6496839,218,109
MOH1,Columbia,PHRE1/PHTD5,G12,1,1,5/9/2023,10/18/2023,56,76.85932515,149,75
MOH1,Columbia,PHRE1/PHTD5,G12,3,1,5/9/2023,10/17/2023,56,95.67919019,172,91
MOH1,Columbia,LH195/PHN82,G4,1,1,5/9/2023,10/18/2023,64,139.0948277,161,80
MOH1,Columbia,LH195/PHN82,G4,3,1,5/9/2023,10/17/2023,54,160.7157366,184,94
MOH1,Columbia,PHB47/PHZ51,G18,2,1,5/9/2023,10/18/2023,55,101.7801027,196,85
MOH1,Columbia,PHB47/PHZ51,G18,4,1,5/9/2023,10/17/2023,63,182.6709642,230,103
MOH1,Columbia,PHB47/PHK76,G13,2,1,5/9/2023,10/18/2023,60,126.1526711,191,85
MOH1,Columbia,PHB47/PHK76,G13,4,1,5/9/2023,10/17/2023,62,152.8496596,203,106
MOH1,Columbia,LH244/MO17,G2,2,1,5/9/2023,10/17/2023,64,163.5628074,230,120
MOH1,Columbia,LH244/MO17,G2,4,1,5/9/2023,10/18/2023,64,187.0177588,220,101
MOH1,Columbia,LH195/PHN82,G4,2,1,5/9/2023,10/17/2023,65,126.548612,183,80
MOH1,Columbia,LH195/PHN82,G4,4,1,5/9/2023,10/18/2023,65,134.6586865,168,83
MOH1,Columbia,B73/PHN82,G1,2,1,5/9/2023,10/17/2023,64,183.0256433,196,86
MOH1,Columbia,B73/PHN82,G1,4,1,5/9/2023,10/18/2023,64,167.2059838,178,90
MOH1,Columbia,LH244/PHN82,G15,2,1,5/9/2023,10/17/2023,63,144.3273993,191,98
MOH1,Columbia,LH244/PHN82,G15,4,1,5/9/2023,10/18/2023,64,140.8336755,176,82
MOH1,Columbia,PHB47/PHN82,G9,2,1,5/9/2023,10/17/2023,63,170.8532755,189,80
MOH1,Columbia,PHB47/PHN82,G9,4,1,5/9/2023,10/17/2023,62,180.376218,184,94
MOH1,Columbia,PHJ40/PHAJ0,G8,2,1,5/9/2023,10/17/2023,53,65.23018487,150,67
MOH1,Columbia,PHJ40/PHAJ0,G8,4,1,5/9/2023,10/17/2023,51,38.01292825,168,92
MOH1,Columbia,LH244/PHK76,G16,2,1,5/9/2023,10/17/2023,62,156.6240943,179,83
MOH1,Columbia,LH244/PHK76,G16,4,1,5/9/2023,10/17/2023,59,161.5773629,199,89
MOH1,Columbia,LH195/PHK76,G11,2,1,5/9/2023,10/17/2023,63,142.4577264,165,68
MOH1,Columbia,LH195/PHK76,G11,4,1,5/9/2023,10/17/2023,64,158.8940401,193,84
MOH1,Columbia,PHG29/PHG47,G3,2,1,5/9/2023,10/17/2023,59,121.0782159,190,96
MOH1,Columbia,PHG29/PHG47,G3,4,1,5/9/2023,10/17/2023,58,147.4914612,190,100
MOH1,Columbia,B73/PHZ51,G7,2,1,5/9/2023,10/17/2023,64,189.8177197,218,104
MOH1,Columbia,B73/PHZ51,G7,4,1,5/9/2023,10/17/2023,64,196.9524539,210,103
MOH1,Columbia,LH244/PHZ51,G6,2,1,5/9/2023,10/17/2023,65,144.0641246,218,106
MOH1,Columbia,LH244/PHZ51,G6,4,1,5/9/2023,10/17/2023,65,147.7154234,195,78
MOH1,Columbia,PHJ89/PH207,G5,2,1,5/9/2023,10/17/2023,58,125.1686669,204,102
MOH1,Columbia,PHJ89/PH207,G5,4,1,5/9/2023,10/17/2023,57,121.5924193,195,93
MOH1,Columbia,B73/PHK76,G14,2,1,5/9/2023,10/18/2023,62,141.5588452,173,95
MOH1,Columbia,B73/PHK76,G14,4,1,5/9/2023,10/17/2023,62,154.671681,205,89
MOH1,Columbia,LH145/LH82,G19,2,1,5/9/2023,10/18/2023,58,107.7219241,160,85
MOH1,Columbia,LH145/LH82,G19,4,1,5/9/2023,10/17/2023,57,58.85570921,178,90
MOH1,Columbia,B73/MO17,G17,2,1,5/9/2023,10/18/2023,65,204.1972198,208,114
MOH1,Columbia,B73/MO17,G17,4,1,5/9/2023,10/17/2023,63,198.9408224,236,120
MOH1,Columbia,PHRE1/PHTD5,G12,2,1,5/9/2023,10/17/2023,55,94.81442315,175,110
MOH1,Columbia,PHRE1/PHTD5,G12,4,1,5/9/2023,10/18/2023,55,76.10989647,220,112
MOH1,Columbia,LH195/PHZ51,G10,2,1,5/9/2023,10/17/2023,67,174.3846874,215,87
MOH1,Columbia,LH195/PHZ51,G10,4,1,5/9/2023,10/18/2023,66,132.2869397,199,99
MOH1,Columbia,LH195/MO17,G20,2,1,5/9/2023,10/17/2023,68,173.3241159,215,98
MOH1,Columbia,LH195/MO17,G20,4,1,5/9/2023,10/18/2023,68,157.5030485,204,84
NCH1,Clayton,PHB47/PHZ51,G18,1,1,4/17/2023,9/21/2023,73,95.60811474,175,65
NCH1,Clayton,LH145/LH82,G19,1,1,4/17/2023,9/21/2023,67,,125,43.33333
NCH1,Clayton,LH244/PHZ51,G6,1,1,4/17/2023,9/21/2023,84,44.57356409,190,76.25
NCH1,Clayton,B73/PHN82,G1,1,1,4/17/2023,9/21/2023,82,63.81723139,171.25,70
NCH1,Clayton,LH195/PHK76,G11,1,1,4/17/2023,9/21/2023,79,18.41081995,125,50
NCH1,Clayton,LH195/PHN82,G4,1,1,4/17/2023,9/21/2023,82,58.38167905,146.25,57.5
NCH1,Clayton,PHRE1/PHTD5,G12,1,1,4/17/2023,9/21/2023,70,25.0726298,121.25,36.25
NCH1,Clayton,B73/MO17,G17,1,1,4/17/2023,9/21/2023,81,65.31480625,177.5,71.25
NCH1,Clayton,LH195/PHZ51,G10,1,1,4/17/2023,9/21/2023,82,74.12450472,182.5,72.5
NCH1,Clayton,PHJ40/PHAJ0,G8,1,1,4/17/2023,9/21/2023,67,,102.5,38.75
NCH1,Clayton,LH195/MO17,G20,1,1,4/17/2023,9/21/2023,82,82.03110402,176.25,81.25
NCH1,Clayton,PHB47/PHK76,G13,1,1,4/17/2023,9/21/2023,72,14.41373404,135,40
NCH1,Clayton,B73/PHK76,G14,1,1,4/17/2023,9/21/2023,74,,156.25,58.75
NCH1,Clayton,PHG29/PHG47,G3,1,1,4/17/2023,9/21/2023,72,59.29034991,148.75,65
NCH1,Clayton,B73/PHZ51,G7,1,1,4/17/2023,9/21/2023,72,123.1171501,195,80
NCH1,Clayton,LH244/PHN82,G15,1,1,4/17/2023,9/21/2023,73,87.37193754,170,67.5
NCH1,Clayton,PHB47/PHN82,G9,1,1,4/17/2023,9/21/2023,72,67.0580202,151.25,48.75
NCH1,Clayton,PHJ89/PH207,G5,1,1,4/17/2023,9/21/2023,72,39.72861147,140,55
NCH1,Clayton,LH244/MO17,G2,1,1,4/17/2023,9/21/2023,79,73.08199204,188.75,87.5
NCH1,Clayton,LH244/PHK76,G16,1,1,4/17/2023,9/21/2023,78,40.21310673,162.5,60
NCH1,Clayton,B73/PHN82,G1,2,1,4/17/2023,9/21/2023,78,108.9203488,177.5,77.5
NCH1,Clayton,LH244/PHK76,G16,2,1,4/17/2023,9/21/2023,77,23.98251546,151.25,53.75
NCH1,Clayton,PHJ89/PH207,G5,2,1,4/17/2023,9/21/2023,72,23.37689638,145,50
NCH1,Clayton,B73/PHK76,G14,2,1,4/17/2023,9/21/2023,75,64.47905192,151.25,51.25
NCH1,Clayton,B73/PHZ51,G7,2,1,4/17/2023,9/21/2023,82,70.7667103,188.75,86.25
NCH1,Clayton,LH195/PHN82,G4,2,1,4/17/2023,9/21/2023,79,86.96496152,157.5,65
NCH1,Clayton,LH244/PHN82,G15,2,1,4/17/2023,9/21/2023,82,57.80500856,167.5,68.75
NCH1,Clayton,PHB47/PHZ51,G18,2,1,4/17/2023,9/21/2023,73,55.11133603,175,61.25
NCH1,Clayton,B73/MO17,G17,2,1,4/17/2023,9/21/2023,74,106.216623,190,86.25
NCH1,Clayton,LH145/LH82,G19,2,1,4/17/2023,9/21/2023,68,70.11615429,128.75,43.75
NCH1,Clayton,PHRE1/PHTD5,G12,2,1,4/17/2023,9/21/2023,67,58.38167905,118.75,43.75
NCH1,Clayton,PHG29/PHG47,G3,2,1,4/17/2023,9/21/2023,72,36.70051608,143.75,50
NCH1,Clayton,LH195/PHZ51,G10,2,1,4/17/2023,9/21/2023,84,54.38459314,166.25,62.5
NCH1,Clayton,PHB47/PHK76,G13,2,1,4/17/2023,9/21/2023,72,33.91466833,133.75,38.75
NCH1,Clayton,PHJ40/PHAJ0,G8,2,1,4/17/2023,9/21/2023,65,23.86139164,110,40
NCH1,Clayton,LH244/MO17,G2,2,1,4/17/2023,9/21/2023,80,44.6946879,172.5,68.75
NCH1,Clayton,LH195/MO17,G20,2,1,4/17/2023,9/21/2023,82,57.80076923,186.25,80
NCH1,Clayton,PHB47/PHN82,G9,2,1,4/17/2023,9/21/2023,74,41.66659252,136.25,43.75
NCH1,Clayton,LH195/PHK76,G11,2,1,4/17/2023,9/21/2023,77,69.06116586,135,42.5
NCH1,Clayton,LH244/PHZ51,G6,2,1,4/17/2023,9/21/2023,82,48.08615474,190,72.5
SCH1,Pendleton,PHB47/PHZ51,G18,1,1,5/6/2023,9/20/2023,63,,162.56,96.52
SCH1,Pendleton,LH244/MO17,G2,1,1,5/6/2023,9/20/2023,61,37.38547126,132.08,60.96
SCH1,Pendleton,PHB47/PHN82,G9,1,1,5/6/2023,9/20/2023,58,20.53027354,157.48,76.2
SCH1,Pendleton,LH195/PHK76,G11,1,1,5/6/2023,9/20/2023,61,23.80141598,182.88,96.52
SCH1,Pendleton,B73/MO17,G17,1,1,5/6/2023,9/20/2023,60,46.14239366,162.56,91.44
SCH1,Pendleton,B73/PHN82,G1,1,1,5/6/2023,9/20/2023,57,54.47632747,124.46,60.96
SCH1,Pendleton,LH244/PHZ51,G6,1,1,5/6/2023,9/20/2023,61,56.23548132,172.72,76.2
SCH1,Pendleton,LH145/LH82,G19,1,1,5/6/2023,9/20/2023,58,45.95791724,162.56,43.18
SCH1,Pendleton,LH195/PHZ51,G10,1,1,5/6/2023,9/20/2023,58,33.24800769,162.56,71.12
SCH1,Pendleton,B73/PHK76,G14,1,1,5/6/2023,9/20/2023,62,30.72277963,172.72,81.28
SCH1,Pendleton,LH195/MO17,G20,1,1,5/6/2023,9/20/2023,54,30.58092426,129.54,40.64
SCH1,Pendleton,LH244/PHK76,G16,1,1,5/6/2023,9/20/2023,55,,132.08,50.8
SCH1,Pendleton,PHJ40/PHAJ0,G8,1,1,5/6/2023,9/20/2023,56,,157.48,50.8
SCH1,Pendleton,PHJ89/PH207,G5,1,1,5/6/2023,9/20/2023,61,36.65824387,152.4,66.04
SCH1,Pendleton,PHRE1/PHTD5,G12,1,1,5/6/2023,9/20/2023,62,43.81618656,127,60.96
SCH1,Pendleton,PHB47/PHK76,G13,1,1,5/6/2023,9/20/2023,56,23.23698626,152.4,50.8
SCH1,Pendleton,PHG29/PHG47,G3,1,1,5/6/2023,9/20/2023,58,24.0432421,157.48,60.96
SCH1,Pendleton,B73/PHZ51,G7,1,1,5/6/2023,9/20/2023,56,25.74918867,152.4,71.12
SCH1,Pendleton,LH195/PHN82,G4,1,1,5/6/2023,9/20/2023,54,,147.32,81.28
SCH1,Pendleton,LH244/PHN82,G15,1,1,5/6/2023,9/20/2023,54,28.32025968,127,55.88
SCH1,Pendleton,PHRE1/PHTD5,G12,2,1,5/6/2023,9/20/2023,54,33.96133491,142.24,66.04
SCH1,Pendleton,B73/PHZ51,G7,2,1,5/6/2023,9/20/2023,58,22.48329332,124.46,50.8
SCH1,Pendleton,LH244/PHN82,G15,2,1,5/6/2023,9/20/2023,58,32.81148715,175.26,76.2
SCH1,Pendleton,PHG29/PHG47,G3,2,1,5/6/2023,9/20/2023,62,31.87391615,127,60.96
SCH1,Pendleton,LH244/MO17,G2,2,1,5/6/2023,9/20/2023,56,24.74639734,162.56,55.88
SCH1,Pendleton,B73/MO17,G17,2,1,5/6/2023,9/20/2023,58,29.29161454,152.4,45.72
SCH1,Pendleton,B73/PHN82,G1,2,1,5/6/2023,9/20/2023,61,33.76498352,165.1,81.28
SCH1,Pendleton,LH195/PHK76,G11,2,1,5/6/2023,9/20/2023,55,,127,50.8
SCH1,Pendleton,PHB47/PHK76,G13,2,1,5/6/2023,9/20/2023,62,,172.72,71.12
SCH1,Pendleton,PHJ89/PH207,G5,2,1,5/6/2023,9/20/2023,56,31.80137751,152.4,76.2
SCH1,Pendleton,B73/PHK76,G14,2,1,5/6/2023,9/20/2023,60,43.85125917,121.92,60.96
SCH1,Pendleton,LH195/PHN82,G4,2,1,5/6/2023,9/20/2023,59,30.97482375,172.72,71.12
SCH1,Pendleton,LH244/PHK76,G16,2,1,5/6/2023,9/20/2023,,28.57064683,96.52,60.96
SCH1,Pendleton,PHB47/PHZ51,G18,2,1,5/6/2023,9/20/2023,62,28.64949117,101.6,71.12
SCH1,Pendleton,LH195/MO17,G20,2,1,5/6/2023,9/20/2023,58,33.91788538,162.56,50.8
SCH1,Pendleton,LH145/LH82,G19,2,1,5/6/2023,9/20/2023,62,28.73123521,172.72,81.28
SCH1,Pendleton,LH244/PHZ51,G6,2,1,5/6/2023,9/20/2023,61,31.54786052,172.72,60.96
SCH1,Pendleton,PHJ40/PHAJ0,G8,2,1,5/6/2023,9/20/2023,63,33.52702367,182.88,152.4
SCH1,Pendleton,PHB47/PHN82,G9,2,1,5/6/2023,9/20/2023,62,40.73099341,170.18,86.36
SCH1,Pendleton,LH195/PHZ51,G10,2,1,5/6/2023,9/20/2023,52,29.72196746,121.92,55.88
TXH1,College Station,LH244/PHZ51,G6,1,1,3/1/2023,7/26/2023,72,80.97945248,251.46,81.28
TXH1,College Station,PHB47/PHN82,G9,1,1,3/1/2023,7/26/2023,72,169.1937454,215.9,63.5
TXH1,College Station,LH195/MO17,G20,1,1,3/1/2023,7/26/2023,71,162.6176229,246.38,93.98
TXH1,College Station,LH195/PHZ51,G10,1,1,3/1/2023,7/26/2023,74,156.0747144,220.98,78.74
TXH1,College Station,B73/MO17,G17,1,1,3/1/2023,7/26/2023,73,208.486053,243.84,78.74
TXH1,College Station,LH244/PHK76,G16,1,1,3/1/2023,7/26/2023,72,180.3738198,231.14,71.12
TXH1,College Station,LH145/LH82,G19,1,1,3/1/2023,7/26/2023,69,96.66391573,177.8,53.34
TXH1,College Station,LH195/PHK76,G11,1,1,3/1/2023,7/26/2023,72,176.7035106,210.82,68.58
TXH1,College Station,PHG29/PHG47,G3,1,1,3/1/2023,7/26/2023,70,169.9485096,218.44,66.04
TXH1,College Station,B73/PHK76,G14,1,1,3/1/2023,7/26/2023,72,160.2572591,226.06,81.28
TXH1,College Station,B73/PHN82,G1,1,1,3/1/2023,7/26/2023,75,181.4062203,236.22,93.98
TXH1,College Station,PHB47/PHZ51,G18,1,1,3/1/2023,7/26/2023,72,134.2329264,243.84,68.58
TXH1,College Station,LH195/PHN82,G4,1,1,3/1/2023,7/26/2023,75,95.62260045,208.28,68.58
TXH1,College Station,LH244/PHN82,G15,1,1,3/1/2023,7/26/2023,74,176.5368663,228.6,76.2
TXH1,College Station,PHB47/PHK76,G13,1,1,3/1/2023,7/26/2023,75,160.4388755,215.9,81.28
TXH1,College Station,PHRE1/PHTD5,G12,1,1,3/1/2023,7/26/2023,75,58.41540905,175.26,73.66
TXH1,College Station,LH244/MO17,G2,1,1,3/1/2023,7/26/2023,74,176.0587515,251.46,91.44
TXH1,College Station,PHJ89/PH207,G5,1,1,3/1/2023,7/26/2023,67,125.210982,193.04,60.96
TXH1,College Station,B73/PHZ51,G7,1,1,3/1/2023,7/26/2023,72,199.3002224,241.3,76.2
TXH1,College Station,PHJ40/PHAJ0,G8,1,1,3/1/2023,7/26/2023,65,,172.72,53.34
TXH1,College Station,LH244/PHN82,G15,2,1,3/1/2023,7/26/2023,73,192.3638076,243.84,68.58
TXH1,College Station,PHJ89/PH207,G5,2,1,3/1/2023,7/26/2023,67,115.0355948,198.12,73.66
TXH1,College Station,PHB47/PHN82,G9,2,1,3/1/2023,7/26/2023,71,272.6552668,203.2,53.34
TXH1,College Station,B73/PHK76,G14,2,1,3/1/2023,7/26/2023,72,132.5352489,213.36,66.04
TXH1,College Station,LH195/PHK76,G11,2,1,3/1/2023,7/26/2023,72,146.9046962,208.28,66.04
TXH1,College Station,LH244/PHK76,G16,2,1,3/1/2023,7/26/2023,71,96.42928992,147.32,22.86
TXH1,College Station,LH244/PHZ51,G6,2,1,3/1/2023,7/26/2023,71,144.6213925,251.46,78.74
TXH1,College Station,LH195/PHZ51,G10,2,1,3/1/2023,7/26/2023,76,179.5361432,238.76,76.2
TXH1,College Station,B73/PHN82,G1,2,1,3/1/2023,7/26/2023,74,179.9632575,213.36,78.74
TXH1,College Station,B73/PHZ51,G7,2,1,3/1/2023,7/26/2023,74,122.5109329,254,76.2
TXH1,College Station,LH145/LH82,G19,2,1,3/1/2023,7/26/2023,62,31.38606448,190.5,60.96
TXH1,College Station,LH195/PHN82,G4,2,1,3/1/2023,7/26/2023,76,193.8740561,215.9,60.96
TXH1,College Station,PHG29/PHG47,G3,2,1,3/1/2023,7/26/2023,70,178.4715517,213.36,73.66
TXH1,College Station,PHB47/PHK76,G13,2,1,3/1/2023,7/26/2023,73,115.1532567,190.5,63.5
TXH1,College Station,PHJ40/PHAJ0,G8,2,1,3/1/2023,7/26/2023,62,,167.64,45.72
TXH1,College Station,PHRE1/PHTD5,G12,2,1,3/1/2023,7/26/2023,62,19.90121966,165.1,48.26
TXH1,College Station,B73/MO17,G17,2,1,3/1/2023,7/26/2023,71,194.0387034,246.38,83.82
TXH1,College Station,PHB47/PHZ51,G18,2,1,3/1/2023,7/26/2023,70,146.2339361,241.3,91.44
TXH1,College Station,LH195/MO17,G20,2,1,3/1/2023,7/26/2023,78,183.2564243,241.3,86.36
TXH1,College Station,LH244/MO17,G2,2,1,3/1/2023,7/26/2023,72,145.0953695,254,71.12
TXH1,College Station,LH244/PHZ51,G6,1,1,4/14/2023,8/18/2023,60,87.03618693,292.1,127
TXH1,College Station,LH195/PHN82,G4,1,1,4/14/2023,8/18/2023,60,52.3235503,220.98,99.06
TXH1,College Station,PHG29/PHG47,G3,1,1,4/14/2023,8/18/2023,57,73.4749523,254,116.84
TXH1,College Station,PHJ89/PH207,G5,1,1,4/14/2023,8/18/2023,59,84.38336312,251.46,109.22
TXH1,College Station,LH244/PHN82,G15,1,1,4/14/2023,8/18/2023,60,47.61774472,251.46,101.6
TXH1,College Station,B73/PHZ51,G7,1,1,4/14/2023,8/18/2023,59,61.62890472,287.02,111.76
TXH1,College Station,LH244/PHK76,G16,1,1,4/14/2023,8/18/2023,60,86.74827678,259.08,101.6
TXH1,College Station,B73/MO17,G17,1,1,4/14/2023,8/18/2023,60,78.58579592,279.4,119.38
TXH1,College Station,LH145/LH82,G19,1,1,4/14/2023,8/18/2023,57,42.13412583,228.6,83.82
TXH1,College Station,PHB47/PHK76,G13,1,1,4/14/2023,8/18/2023,60,40.32846275,261.62,86.36
TXH1,College Station,B73/PHK76,G14,1,1,4/14/2023,8/18/2023,60,64.00951141,266.7,106.68
TXH1,College Station,B73/PHN82,G1,1,1,4/14/2023,8/18/2023,60,69.78191716,266.7,116.84
TXH1,College Station,PHJ40/PHAJ0,G8,1,1,4/14/2023,8/18/2023,60,34.89288733,220.98,68.58
TXH1,College Station,PHB47/PHN82,G9,1,1,4/14/2023,8/18/2023,54,59.22147084,269.24,114.3
TXH1,College Station,LH244/MO17,G2,1,1,4/14/2023,8/18/2023,60,69.27526893,294.64,132.08
TXH1,College Station,LH195/MO17,G20,1,1,4/14/2023,8/18/2023,60,43.68887574,264.16,134.62
TXH1,College Station,PHB47/PHZ51,G18,1,1,4/14/2023,8/18/2023,63,27.7039005,299.72,111.76
TXH1,College Station,LH195/PHZ51,G10,1,1,4/14/2023,8/18/2023,60,43.23807366,274.32,111.76
TXH1,College Station,LH195/PHK76,G11,1,1,4/14/2023,8/18/2023,60,40.01775824,238.76,101.6
TXH1,College Station,PHRE1/PHTD5,G12,1,1,4/14/2023,8/18/2023,54,48.6562903,208.28,88.9
TXH1,College Station,LH244/MO17,G2,2,1,4/14/2023,8/18/2023,60,89.85006159,292.1,106.68
TXH1,College Station,PHB47/PHZ51,G18,2,1,4/14/2023,8/18/2023,59,44.10925613,279.4,119.38
TXH1,College Station,B73/PHK76,G14,2,1,4/14/2023,8/18/2023,59,37.98117087,266.7,111.76
TXH1,College Station,B73/PHN82,G1,2,1,4/14/2023,8/18/2023,59,73.76479121,271.78,134.62
TXH1,College Station,LH195/MO17,G20,2,1,4/14/2023,8/18/2023,62,52.67616133,269.24,109.22
TXH1,College Station,PHB47/PHN82,G9,2,1,4/14/2023,8/18/2023,59,55.41235986,264.16,93.98
TXH1,College Station,PHJ89/PH207,G5,2,1,4/14/2023,8/18/2023,54,44.92371573,241.3,96.52
TXH1,College Station,LH195/PHZ51,G10,2,1,4/14/2023,8/18/2023,50,46.90112547,297.18,127
TXH1,College Station,PHB47/PHK76,G13,2,1,4/14/2023,8/18/2023,53,49.38763821,261.62,99.06
TXH1,College Station,PHJ40/PHAJ0,G8,2,1,4/14/2023,8/18/2023,53,25.51213622,210.82,73.66
TXH1,College Station,B73/MO17,G17,2,1,4/14/2023,8/18/2023,60,80.60730395,266.7,109.22
TXH1,College Station,LH145/LH82,G19,2,1,4/14/2023,8/18/2023,51,86.90696051,233.68,81.28
TXH1,College Station,PHG29/PHG47,G3,2,1,4/14/2023,8/18/2023,57,95.23215795,248.92,109.22
TXH1,College Station,LH244/PHN82,G15,2,1,4/14/2023,8/18/2023,59,92.80245574,248.92,96.52
TXH1,College Station,LH244/PHZ51,G6,2,1,4/14/2023,8/18/2023,59,80.94273155,287.02,111.76
TXH1,College Station,B73/PHZ51,G7,2,1,4/14/2023,8/18/2023,60,63.23064606,289.56,127
TXH1,College Station,LH195/PHK76,G11,2,1,4/14/2023,8/18/2023,60,72.27079701,233.68,91.44
TXH1,College Station,PHRE1/PHTD5,G12,2,1,4/14/2023,8/18/2023,51,94.10839657,243.84,116.84
TXH1,College Station,LH244/PHK76,G16,2,1,4/14/2023,8/18/2023,58,62.3400884,269.24,111.76
TXH1,College Station,LH195/PHN82,G4,2,1,4/14/2023,8/18/2023,59,50.9269581,238.76,116.84
TXH4,Lubbock,LH145/LH82,G19,1,1,5/12/2023,45269,63,108.0446661,184,55
TXH4,Lubbock,LH195/PHK76,G11,1,1,5/12/2023,45269,66,135.1308608,207,79
TXH4,Lubbock,LH195/PHZ51,G10,1,1,5/12/2023,45269,66,191.863634,242,78
TXH4,Lubbock,LH195/MO17,G20,1,1,5/12/2023,45269,67,208.1504165,237,79
TXH4,Lubbock,LH244/PHK76,G16,1,1,5/12/2023,45269,60,143.1981052,212,74
TXH4,Lubbock,LH195/PHN82,G4,1,1,5/12/2023,45269,66,199.4581926,207,72
TXH4,Lubbock,PHB47/PHZ51,G18,1,1,5/12/2023,45269,65,149.6862913,212,79
TXH4,Lubbock,PHJ40/PHAJ0,G8,1,1,5/12/2023,45269,60,59.27711742,143,43
TXH4,Lubbock,B73/PHZ51,G7,1,1,5/12/2023,45269,63,144.2138913,226,84
TXH4,Lubbock,PHJ89/PH207,G5,1,1,5/12/2023,45269,63,93.26592261,204,61
TXH4,Lubbock,PHG29/PHG47,G3,1,1,5/12/2023,45269,60,132.6116672,201,79
TXH4,Lubbock,PHB47/PHK76,G13,1,1,5/12/2023,45269,60,130.139098,217,69
TXH4,Lubbock,B73/PHK76,G14,1,1,5/12/2023,45269,63,139.3603736,210,84
TXH4,Lubbock,LH244/PHN82,G15,1,1,5/12/2023,45269,64,172.7221133,220,80
TXH4,Lubbock,PHRE1/PHTD5,G12,1,1,5/12/2023,45269,60,61.97320986,158,44
TXH4,Lubbock,LH244/MO17,G2,1,1,5/12/2023,45269,63,205.3509867,243,82
TXH4,Lubbock,LH244/PHZ51,G6,1,1,5/12/2023,45269,65,149.4140698,261,90
TXH4,Lubbock,B73/MO17,G17,1,1,5/12/2023,45269,66,187.124555,240,90
TXH4,Lubbock,PHB47/PHN82,G9,1,1,5/12/2023,45269,64,171.5833187,218,62
TXH4,Lubbock,B73/PHN82,G1,1,1,5/12/2023,45269,66,186.5977373,227,83
TXH4,Lubbock,LH244/PHN82,G15,2,1,5/12/2023,45269,63,162.3703601,226,78
TXH4,Lubbock,LH145/LH82,G19,2,1,5/12/2023,45269,60,91.26551468,186,59
TXH4,Lubbock,LH244/PHZ51,G6,2,1,5/12/2023,45269,63,176.9423825,240,96
TXH4,Lubbock,PHJ40/PHAJ0,G8,2,1,5/12/2023,45269,60,72.05530607,165,63
TXH4,Lubbock,LH195/MO17,G20,2,1,5/12/2023,45269,66,271.0129638,236,84
TXH4,Lubbock,B73/PHK76,G14,2,1,5/12/2023,45269,63,161.205666,225,84
TXH4,Lubbock,LH195/PHK76,G11,2,1,5/12/2023,45269,63,140.5027881,213,70
TXH4,Lubbock,PHG29/PHG47,G3,2,1,5/12/2023,45269,60,111.9070834,196,73
TXH4,Lubbock,PHRE1/PHTD5,G12,2,1,5/12/2023,45269,60,60.75862542,174,41
TXH4,Lubbock,PHB47/PHK76,G13,2,1,5/12/2023,45269,63,97.98912949,209,72
TXH4,Lubbock,LH244/PHK76,G16,2,1,5/12/2023,45269,63,131.9812226,206,85
TXH4,Lubbock,B73/PHN82,G1,2,1,5/12/2023,45269,65,184.5563251,220,92
TXH4,Lubbock,B73/MO17,G17,2,1,5/12/2023,45269,63,235.0692983,243,94
TXH4,Lubbock,LH244/MO17,G2,2,1,5/12/2023,45269,63,210.5829286,252,102
TXH4,Lubbock,B73/PHZ51,G7,2,1,5/12/2023,45269,63,173.5940974,236,81
TXH4,Lubbock,LH195/PHN82,G4,2,1,5/12/2023,45269,66,165.481006,215,70
TXH4,Lubbock,PHB47/PHN82,G9,2,1,5/12/2023,45269,63,159.5631497,205,64
TXH4,Lubbock,LH195/PHZ51,G10,2,1,5/12/2023,45269,64,180.4361292,238,84
TXH4,Lubbock,PHJ89/PH207,G5,2,1,5/12/2023,45269,63,100.2985248,170,44
TXH4,Lubbock,PHB47/PHZ51,G18,2,1,5/12/2023,45269,64,184.5969972,223,87
WIH3,Hancock,B73/PHZ51,G7,1,1,4/26/2023,11/14/2023,,237.4322858,258.3333333,140
WIH3,Hancock,LH195/PHK76,G11,1,1,4/26/2023,11/14/2023,80,199.0460024,218.3333333,98.33333333
WIH3,Hancock,B73/PHN82,G1,1,1,4/26/2023,11/14/2023,82,285.3173556,241.6666667,118.3333333
WIH3,Hancock,PHB47/PHZ51,G18,1,1,4/26/2023,11/14/2023,80,250.7601545,261.6666667,126.6666667
WIH3,Hancock,PHRE1/PHTD5,G12,1,1,4/26/2023,11/14/2023,73,201.5579746,230,110
WIH3,Hancock,PHB47/PHN82,G9,1,1,4/26/2023,11/14/2023,79,,238.3333333,103.3333333
WIH3,Hancock,PHJ89/PH207,G5,1,1,4/26/2023,11/14/2023,73,278.1370438,230,93.33333333
WIH3,Hancock,PHB47/PHK76,G13,1,1,4/26/2023,11/14/2023,79,210.0178385,243.3333333,108.3333333
WIH3,Hancock,LH244/PHK76,G16,1,1,4/26/2023,11/14/2023,78,262.3420331,246.6666667,113.3333333
WIH3,Hancock,LH145/LH82,G19,1,1,4/26/2023,11/14/2023,77,213.0371209,240,95
WIH3,Hancock,PHG29/PHG47,G3,1,1,4/26/2023,11/14/2023,76,246.9098077,233.3333333,113.3333333
WIH3,Hancock,LH195/PHN82,G4,1,1,4/26/2023,11/14/2023,84,237.4166366,216.6666667,98.33333333
WIH3,Hancock,LH244/PHZ51,G6,1,1,4/26/2023,11/14/2023,82,252.3129231,270,125
WIH3,Hancock,PHJ40/PHAJ0,G8,1,1,4/26/2023,11/14/2023,70,120.5941846,216.6666667,96.66666667
WIH3,Hancock,LH244/MO17,G2,1,1,4/26/2023,11/14/2023,84,278.8068294,268.3333333,136.6666667
WIH3,Hancock,LH244/PHN82,G15,1,1,4/26/2023,11/14/2023,82,226.9363694,256.6666667,123.3333333
WIH3,Hancock,LH195/MO17,G20,1,1,4/26/2023,11/14/2023,100,263.5335814,265,135
WIH3,Hancock,B73/PHK76,G14,1,1,4/26/2023,11/14/2023,78,200.7455052,240,120
WIH3,Hancock,LH195/PHZ51,G10,1,1,4/26/2023,11/14/2023,84,231.7690255,265,128.3333333
WIH3,Hancock,B73/MO17,G17,1,1,4/26/2023,11/14/2023,83,266.8316957,261.6666667,138.3333333
WIH3,Hancock,LH195/PHZ51,G10,2,1,4/26/2023,11/14/2023,86,227.4915477,258.3333333,126.6666667
WIH3,Hancock,LH244/MO17,G2,2,1,4/26/2023,11/14/2023,82,247.805402,266.6666667,131.6666667
WIH3,Hancock,B73/PHN82,G1,2,1,4/26/2023,11/14/2023,82,256.5239379,235,120
WIH3,Hancock,PHG29/PHG47,G3,2,1,4/26/2023,11/14/2023,75,242.8433178,225,110
WIH3,Hancock,B73/PHK76,G14,2,1,4/26/2023,11/14/2023,77,262.6809763,231.6666667,113.3333333
WIH3,Hancock,PHJ89/PH207,G5,2,1,4/26/2023,11/14/2023,76,208.4119547,241.6666667,113.3333333
WIH3,Hancock,B73/PHZ51,G7,2,1,4/26/2023,11/14/2023,82,257.3918239,265,145
WIH3,Hancock,LH244/PHN82,G15,2,1,4/26/2023,11/14/2023,82,257.7100549,245,116.6666667
WIH3,Hancock,PHB47/PHZ51,G18,2,1,4/26/2023,11/14/2023,80,239.5767781,256.6666667,133.3333333
WIH3,Hancock,LH145/LH82,G19,2,1,4/26/2023,11/14/2023,77,213.8936843,245,103.3333333
WIH3,Hancock,PHRE1/PHTD5,G12,2,1,4/26/2023,11/14/2023,71,197.1047655,230,110
WIH3,Hancock,LH195/PHN82,G4,2,1,4/26/2023,11/14/2023,84,,221.6666667,110
WIH3,Hancock,LH195/PHK76,G11,2,1,4/26/2023,11/14/2023,81,250.3411243,205,101.6666667
WIH3,Hancock,PHB47/PHN82,G9,2,1,4/26/2023,11/14/2023,79,273.4378661,231.6666667,103.3333333
WIH3,Hancock,LH244/PHZ51,G6,2,1,4/26/2023,11/14/2023,81,217.5540314,265,123.3333333
WIH3,Hancock,PHB47/PHK76,G13,2,1,4/26/2023,11/14/2023,79,194.9842993,248.3333333,110
WIH3,Hancock,PHJ40/PHAJ0,G8,2,1,4/26/2023,11/14/2023,70,165.6126898,226.6666667,105
WIH3,Hancock,LH244/PHK76,G16,2,1,4/26/2023,11/14/2023,78,225.1009027,231.6666667,110
WIH3,Hancock,B73/MO17,G17,2,1,4/26/2023,11/14/2023,84,274.9087065,258.3333333,145
WIH3,Hancock,LH195/MO17,G20,2,1,4/26/2023,11/14/2023,,,263.3333333,131.6666667
